<?xml version="1.0" encoding="UTF-8"?>
<project-private xmlns="http://www.netbeans.org/ns/project-private/1">
    <editor-bookmarks xmlns="http://www.netbeans.org/ns/editor-bookmarks/2" lastBookmarkId="0"/>
    <open-files xmlns="http://www.netbeans.org/ns/projectui-open-files/2">
        <group>
            <file>file:/C:/Users/rubyt/OneDrive/Documents/Farmingdale_Courses/Semester%204/BCS_430W/GroupTasks/ScoutTheJasonV03Cleaned/ScoutTheJason/src/clientserver/EchoClient2.java</file>
            <file>file:/C:/Users/rubyt/OneDrive/Documents/Farmingdale_Courses/Semester%204/BCS_430W/GroupTasks/ScoutTheJasonV03Cleaned/ScoutTheJason/src/clientserver/EchoClient4.java</file>
            <file>file:/C:/Users/rubyt/OneDrive/Documents/Farmingdale_Courses/Semester%204/BCS_430W/GroupTasks/ScoutTheJasonV03Cleaned/ScoutTheJason/src/clientserver/EchoClient.java</file>
            <file>file:/C:/Users/rubyt/OneDrive/Documents/Farmingdale_Courses/Semester%204/BCS_430W/GroupTasks/ScoutTheJasonV03Cleaned/ScoutTheJason/src/clientserver/EchoServer.java</file>
            <file>file:/C:/Users/rubyt/OneDrive/Documents/Farmingdale_Courses/Semester%204/BCS_430W/GroupTasks/ScoutTheJasonV03Cleaned/ScoutTheJason/src/clientserver/EchoClient3.java</file>
            <file>file:/C:/Users/rubyt/OneDrive/Documents/Farmingdale_Courses/Semester%204/BCS_430W/GroupTasks/ScoutTheJasonV03Cleaned/ScoutTheJason/src/clientserver/EchoClient5.java</file>
        </group>
    </open-files>
</project-private>
